t1	works	
t2	works	
t3	works	
t4	works	
t5	works	
t6	works	
k1	works	
k2	works	
k3	works	
k4	works	
k5	works	
k6	works	
k7	works	
d1	works	
d2	works	a little slow to respond, doesn't dim fully in darkness
d3	works	
d4	works	
d5	works	
d6	skipped	
c1	works	
c2	works	
c3	works	
c4	works	
c5	works	
a1	works	
a2	works	
a3	skipped	
a4	skipped	
n1	works	
n2	works	
n3	works	
p1	works	
p2	skipped	
p3	works	
p4	works	
p5	works	
p6	works	
p7	skipped	
s1	works	
s2	skipped	
s3	skipped	
s4	works	
s5	skipped	
